第n次,test_mse,test_mae
"1, 64",0.0189474206417799,0.10219217091798782
"2, 64",0.01800365373492241,0.10064822435379028
"3, 64",0.017676956951618195,0.09612703323364258
"4, 64",0.017124397680163383,0.09334809333086014
"5, 64",0.017921674996614456,0.09646040201187134
"6, 64",0.01815958134829998,0.0965861901640892
"7, 64",0.020465126261115074,0.10515984892845154
"8, 64",0.018846681341528893,0.10136142373085022
"9, 64",0.018113624304533005,0.09729506820440292
